Cluster,MonthlyIncome,JobSatisfaction,PerformanceRating,YearsAtCompany,EngagementScore
0,5281.851020408163,1.7653061224489797,3.0,5.493877551020408,2.236734693877551
1,5132.368686868687,3.538720538720539,3.0,5.434343434343434,3.1374859708193044
2,5723.1220657277,2.7370892018779345,4.0,6.131455399061033,2.668231611893584
3,15627.456647398843,2.6647398843930636,3.0751445086705202,17.78034682080925,2.7263969171483624
